2025-12-05,"Electronic Funds Transfer PAY NTT DATA Canada, Inc. CPT",,2887.23
2025-12-04,Point of Sale - Visa Debit VISA DEBIT RETAIL PURCHASE Questrade 533815245714,570.00,
2025-12-04,Internet Banking INTERNET TRANSFER 000000216486,1500.00,
2025-12-04,Internet Banking E-TRANSFER 011502931027 Lakshmi Dinesh,,1600.00
2025-12-03,Electronic Funds Transfer DEPOSIT DESJARDINS SECUR. FIN.,,375.00
2025-12-01,Electronic Funds Transfer PREAUTHORIZED DEBIT 732 TRADERS GENERAL INSURANCE,390.83,
2025-11-28,Branch Transaction SERVICE CHARGE DISCOUNT,,16.95
2025-11-28,Branch Transaction SERVICE CHARGE CAPPED MONTHLY FEE$16.95 RECORD-KEEPING N/A,16.95,
2025-11-28,Electronic Funds Transfer PREAUTHORIZED DEBIT ARCHIVE+8 HONDA CANADA FINANCE INC.,461.28,
2025-11-28,Electronic Funds Transfer PREAUTHORIZED DEBIT CIBC-DISATF,100.00,
2025-11-27,Internet Banking E-TRANSFER 105716648585 Dr Priyanka,375.00,
2025-11-27,Internet Banking INTERNET DEPOSIT 000000110590,,5.27
2025-11-26,Electronic Funds Transfer PREAUTHORIZED DEBIT METERGY/EZ-PAY,76.63,
2025-11-24,Point of Sale - Interac RETAIL PURCHASE 532700762664 SHRIJI EXPRESS,37.25,
2025-11-21,Internet Banking INTERNET TRANSFER 000000218344,1800.00,
2025-11-21,"Electronic Funds Transfer PAY NTT DATA Canada, Inc. CPT",,2887.23
2025-11-20,Point of Sale - Visa Debit VISA DEBIT RETAIL PURCHASE Questrade 532419889487,490.00,
2025-11-18,Electronic Funds Transfer PREAUTHORIZED DEBIT Wealthsimple Investments Inc.,320.00,
2025-11-18,Internet Banking INTERNET TRANSFER 000000229658,1500.00,
2025-11-18,Internet Banking E-TRANSFER 011486010329 Arun Sunil,,3000.00
2025-11-17,Electronic Funds Transfer PREAUTHORIZED DEBIT BLACK DPC BLACK LEUNG DPC,200.00,
2025-11-17,Internet Banking E-TRANSFER 011484824159 Lakshmi Dinesh,,150.00
2025-11-14,Electronic Funds Transfer PREAUTHORIZED DEBIT Wealthsimple Investments Inc.,186.00,
2025-11-14,Electronic Funds Transfer PREAUTHORIZED DEBIT ARCHIVE+8 HONDA CANADA FINANCE INC.,461.28,
2025-11-14,Electronic Funds Transfer PREAUTHORIZED DEBIT CIBC-DISATF,100.00,
2025-11-12,Electronic Funds Transfer PREAUTHORIZED DEBIT 2 Silver Maple Court,2245.36,
2025-11-12,Internet Banking E-TRANSFER 105695903784 Lakshmi,750.00,
2025-11-10,Electronic Funds Transfer PREAUTHORIZED DEBIT BELL MOBILITY,51.98,
2025-11-07,"Electronic Funds Transfer PAY NTT DATA Canada, Inc. CPT",,2887.23
2025-11-06,Internet Banking E-TRANSFER 105689394750 Lakshmi,500.00,
2025-11-06,Automated Banking Machine ATM DEPOSIT Dixie and Highway 7 4G2I,,500.00
2025-11-05,Internet Banking E-TRANSFER 105688558006 Lakshmi,500.00,
2025-11-05,Internet Banking INTERNET TRANSFER 000000109539,200.00,
2025-11-04,Electronic Funds Transfer DEPOSIT QTEFT279113 QUESTRADE INC,,200.00
2025-10-31,Branch Transaction SERVICE CHARGE DISCOUNT,,15.70
2025-10-31,Branch Transaction SERVICE CHARGE ADD TXN$8.75;MONTHLY$6.95 RECORD-KEEPING N/A,15.70,
2025-10-31,Electronic Funds Transfer PREAUTHORIZED DEBIT ARCHIVE+8 HONDA CANADA FINANCE INC.,461.28,
2025-10-31,Electronic Funds Transfer PREAUTHORIZED DEBIT CIBC-DISATF,100.00,
2025-10-30,Electronic Funds Transfer DEPOSIT Wealthsimple Investments Inc.,,500.00
2025-10-29,Electronic Funds Transfer PREAUTHORIZED DEBIT 732 TRADERS GENERAL INSURANCE,372.50,
2025-10-29,Internet Banking INTERNET TRANSFER 000000229923,500.00,
2025-10-28,Electronic Funds Transfer DEPOSIT Wealthsimple Investments Inc.,,500.00
2025-10-24,Electronic Funds Transfer PREAUTHORIZED DEBIT METERGY/EZ-PAY,78.25,
2025-10-24,Internet Banking INTERNET TRANSFER 000000122443,1000.00,
2025-10-24,"Electronic Funds Transfer PAY NTT DATA Canada, Inc. CPT",,2887.23
2025-10-23,Internet Banking INTERNET TRANSFER 000000201933,500.00,
2025-10-22,Electronic Funds Transfer DEPOSIT Wealthsimple Investments Inc.,,500.00
2025-10-22,Point of Sale - Interac RETAIL PURCHASE 529419398522 OCEANS FRESH FO,11.02,
2025-10-21,Point of Sale - Visa Debit VISA DEBIT RETAIL PURCHASE REMITLY* E1F49 529402090593,326.20,
2025-10-17,Electronic Funds Transfer PREAUTHORIZED DEBIT Wealthsimple Investments Inc.,654.00,
2025-10-17,Electronic Funds Transfer PREAUTHORIZED DEBIT ARCHIVE+8 HONDA CANADA FINANCE INC.,461.28,
2025-10-17,Electronic Funds Transfer PREAUTHORIZED DEBIT BLACK DPC BLACK LEUNG DPC,200.00,
2025-10-17,Electronic Funds Transfer PREAUTHORIZED DEBIT CIBC-DISATF,100.00,
2025-10-14,Electronic Funds Transfer PREAUTHORIZED DEBIT BELL MOBILITY,53.78,
2025-10-10,Internet Banking INTERNET TRANSFER 000000122388,1000.00,
2025-10-10,"Electronic Funds Transfer PAY NTT DATA Canada, Inc. CPT",,2887.23
2025-10-10,Internet Banking INTERNET TRANSFER 000000102115,500.00,
2025-10-09,Electronic Funds Transfer DEPOSIT QTEFT239681 QUESTRADE INC,,500.00
2025-10-06,Electronic Funds Transfer PREAUTHORIZED DEBIT 2 Silver Maple Court,2255.36,
2025-10-06,Point of Sale - Interac RETAIL PURCHASE 000001001147 AIR-SERV A PS60,2.50,
2025-10-06,Internet Banking E-TRANSFER 105644713240 One-time contact,63.26,
2025-10-03,Electronic Funds Transfer PREAUTHORIZED DEBIT ARCHIVE+8 HONDA CANADA FINANCE INC.,461.28,
2025-10-03,Electronic Funds Transfer PREAUTHORIZED DEBIT CIBC-DISATF,100.00,
2025-10-01,Electronic Funds Transfer DEPOSIT Wealthsimple Investments Inc.,,1000.00
2025-10-01,Internet Banking INTERNET TRANSFER 000000109120,1000.00,
2025-09-29,Branch Transaction SERVICE CHARGE DISCOUNT,,9.45
2025-09-29,Branch Transaction SERVICE CHARGE ADD TXN$2.50;MONTHLY$6.95 RECORD-KEEPING N/A,9.45,
2025-09-29,Electronic Funds Transfer PREAUTHORIZED DEBIT 732 TRADERS GENERAL INSURANCE,372.50,
2025-09-26,Internet Banking INTERNET TRANSFER 000000211897,500.00,
2025-09-26,"Electronic Funds Transfer PAY NTT DATA Canada, Inc. CPT",,2887.23
2025-09-24,Electronic Funds Transfer PREAUTHORIZED DEBIT METERGY/EZ-PAY,79.25,
2025-09-19,Electronic Funds Transfer PREAUTHORIZED DEBIT ARCHIVE+8 HONDA CANADA FINANCE INC.,461.28,
2025-09-19,Electronic Funds Transfer PREAUTHORIZED DEBIT CIBC-DISATF,100.00,
2025-09-19,Point of Sale - Visa Debit VISA DEBIT RETAIL PURCHASE Questrade 526214690393,520.00,
2025-09-18,Electronic Funds Transfer DEPOSIT DESJARDINS SECUR. FIN.,,185.00
2025-09-18,Internet Banking INTERNET TRANSFER 000000119188,250.00,
2025-09-17,Electronic Funds Transfer PREAUTHORIZED DEBIT BLACK DPC BLACK LEUNG DPC,200.00,
2025-09-17,Electronic Funds Transfer DEPOSIT Wealthsimple Investments Inc.,,250.00
2025-09-15,Internet Banking INTERNET TRANSFER 000000109070,1000.00,
2025-09-12,"Electronic Funds Transfer PAY NTT DATA Canada, Inc. CPT",,2887.23
2025-09-12,Internet Banking INTERNET TRANSFER 000000216517,300.00,
2025-09-11,Electronic Funds Transfer DEPOSIT Wealthsimple Investments Inc.,,300.00
2025-09-10,Electronic Funds Transfer PREAUTHORIZED DEBIT BELL MOBILITY,53.33,
2025-09-08,Internet Banking INTERNET TRANSFER 000000105122,500.00,
2025-09-08,Electronic Funds Transfer DEPOSIT QTEFT185239 QUESTRADE INC,,500.00
